{
  "navigationFallback": {
    "rewrite": "/index.html",
    "exclude": ["/api/*", "/images/*.{png,jpg,gif}", "/css/*"]
  },
  "routes": [
    {
      "route": "/api/*",
      "methods": ["GET", "POST", "PUT", "DELETE", "OPTIONS"],
      "allowedRoles": ["anonymous"]
    }
  ],
  "responseOverrides": {
    "401": {
      "redirect": "/login"
    }
  },
  "mimeTypes": {
    ".json": "application/json"
  },
  "globalHeaders": {
    "Access-Control-Allow-Origin": "*",
    "Access-Control-Allow-Methods": "GET, POST, PUT, DELETE, OPTIONS",
    "Access-Control-Allow-Headers": "Content-Type, Authorization"
  }
}